"","X","race_urls","race_datetimes","race_N_entrants_f","race_N_entrants_dnf","race_f_start_idxs","race_f_end_idxs","race_dnf_start_idxs","race_dnf_end_idxs","seed_urls","seeds","versions","skill_assumptions","item_progressions"
"1",1,"https://racetime.gg/smr/agreeable-supermissiles-8463","2024-01-09T21:39:16.610866+00:00",4,1,1,4,1,1,"https://maprando.com/seed/mpwjHfInQBxxpE40m2Q8uQ/","mpwjHfInQBxxpE40m2Q8uQ",105,"Hard","Tricky"
"2",2,"https://racetime.gg/smr/splendid-babyskip-9705","2024-01-09T23:15:28.941443+00:00",5,1,5,9,2,2,"https://maprando.com/seed/GF284ZQXGULAhdsynJpBXA/","GF284ZQXGULAhdsynJpBXA",105,"Hard","Tricky"
"3",3,"https://racetime.gg/smr/elegant-bluesuit-6485","2024-01-14T03:06:15.237208+00:00",3,1,10,12,3,3,"https://maprando.com/seed/zlTXRiRuPjUXpwnayI0OiQ/","zlTXRiRuPjUXpwnayI0OiQ",105,"Hard","Tricky"
"4",4,"https://racetime.gg/smr/lawful-pseudoscrew-9015","2024-02-18T18:42:19.446037+00:00",3,0,13,15,0,0,"https://maprando.com/seed/liVk-S9E-kVUFAR8aMVwdA/","liVk-S9E-kVUFAR8aMVwdA",108,"Hard","Tricky"
"5",5,"https://racetime.gg/smr/quick-gauntlet-3183","2024-03-06T23:17:14.522121+00:00",2,0,16,17,0,0,"https://maprando.com/seed/Z9EtGWP6MjQelsnoojxZRg/","Z9EtGWP6MjQelsnoojxZRg",109,"Hard","Tricky"
"6",6,"https://racetime.gg/smr/pogtastic-screwattack-6732","2024-05-04T17:01:16.731567+00:00",8,1,18,25,4,4,"https://maprando.com/seed/2PoCzNbgiPpT9StqL9sYhw/","2PoCzNbgiPpT9StqL9sYhw",111,"Hard","Tricky"
"7",7,"https://racetime.gg/smr/lawful-firefleas-0909","2024-05-07T23:04:22.550190+00:00",11,1,26,36,5,5,"https://maprando.com/seed/KwkbzVoHbSSZK_CRnnnI8Q/","KwkbzVoHbSSZK_CRnnnI8Q",111,"Hard","Tricky"
"8",8,"https://racetime.gg/smr/mecha-crateria-1099","2024-05-08T19:53:08.197537+00:00",2,1,37,38,6,6,"https://maprando.com/seed/0VB-iuZX40sE0U413VRjsg/","0VB-iuZX40sE0U413VRjsg",111,"Hard","Tricky"
"9",9,"https://racetime.gg/smr/helpful-memu-8397","2024-05-09T07:39:08.014067+00:00",2,1,39,40,7,7,"https://maprando.com/seed/VlBpRcyej_7ge77NBWWVJw/","VlBpRcyej_7ge77NBWWVJw",111,"Hard","Tricky"
"10",10,"https://racetime.gg/smr/daring-zebskip-6330","2024-05-09T19:20:40.812808+00:00",7,2,41,47,8,9,"https://maprando.com/seed/gk5tqnS6ANuBsf94hG_V3A/","gk5tqnS6ANuBsf94hG_V3A",111,"Hard","Tricky"
"11",11,"https://racetime.gg/smr/smart-gravityjump-5793","2024-05-11T20:04:12.552128+00:00",11,3,48,58,10,12,"https://maprando.com/seed/sxbZUYYMuSsUTHTuMqJT-Q/","sxbZUYYMuSsUTHTuMqJT-Q",111,"Hard","Tricky"
"12",12,"https://racetime.gg/smr/mega-kamer-9502","2024-05-12T22:00:41.544184+00:00",14,0,59,72,0,0,"https://maprando.com/seed/N_QEEtHmp8mCiPXXW7v0mw/","N_QEEtHmp8mCiPXXW7v0mw",111,"Hard","Tricky"
"13",13,"https://racetime.gg/smr/good-shaktool-0190","2024-05-13T21:06:03.571073+00:00",6,5,73,78,13,17,"https://maprando.com/seed/Cp9AuUqzyzdxYFbOsKPKKw/","Cp9AuUqzyzdxYFbOsKPKKw",111,"Hard","Tricky"
"14",14,"https://racetime.gg/smr/daring-ripper-5018","2024-05-14T17:50:50.073674+00:00",3,1,79,81,18,18,"https://maprando.com/seed/Pc2-BHQB6u0kE2KhI1ssAg/","Pc2-BHQB6u0kE2KhI1ssAg",111,"Hard","Tricky"
"15",15,"https://racetime.gg/smr/witty-plasmaspark-1809","2024-05-14T20:13:11.468876+00:00",7,1,82,88,19,19,"https://maprando.com/seed/PWH8UkvqikwN_rq_yowgcQ/","PWH8UkvqikwN_rq_yowgcQ",111,"Hard","Tricky"
"16",16,"https://racetime.gg/smr/brainy-fastmid-1470","2024-05-15T23:04:36.976636+00:00",16,2,89,104,20,21,"https://maprando.com/seed/p1kS2p4A2ZWypdotGIlkLw/","p1kS2p4A2ZWypdotGIlkLw",111,"Hard","Tricky"
"17",17,"https://racetime.gg/smr/funky-zeela-0584","2024-05-20T18:06:01.774916+00:00",6,2,105,110,22,23,"https://maprando.com/seed/dhkMBQyyuOKSGV9z8HdsjA/","dhkMBQyyuOKSGV9z8HdsjA",112,"Hard","Tricky"
"18",18,"https://racetime.gg/smr/travelling-halfie-7456","2024-05-20T19:54:34.015464+00:00",5,0,111,115,0,0,"https://maprando.com/seed/0Kshd23KmSwUACru4U4qtg/","0Kshd23KmSwUACru4U4qtg",112,"Hard","Tricky"
"19",19,"https://racetime.gg/smr/legendary-heroshot-5864","2024-05-20T23:11:35.763261+00:00",7,1,116,122,24,24,"https://maprando.com/seed/IFjIKzNEruKzYouf4EIeFg/","IFjIKzNEruKzYouf4EIeFg",112,"Hard","Tricky"
"20",20,"https://racetime.gg/smr/splendid-twothirty-2954","2024-05-21T20:30:27.272330+00:00",4,2,123,126,25,26,"https://maprando.com/seed/cfbM74sAnahDsaUvLWeTZA/","cfbM74sAnahDsaUvLWeTZA",112,"Hard","Tricky"
"21",21,"https://racetime.gg/smr/hyper-tatori-1619","2024-05-21T21:54:51.796927+00:00",10,2,127,136,27,28,"https://maprando.com/seed/SMbRFLqmte44eDGYdXcn9w/","SMbRFLqmte44eDGYdXcn9w",112,"Hard","Tricky"
"22",22,"https://racetime.gg/smr/mecha-draygon-8885","2024-05-22T18:24:14.231611+00:00",6,0,137,142,0,0,"https://maprando.com/seed/96fB8Qznojm4nbnYIhWuXQ/","96fB8Qznojm4nbnYIhWuXQ",112,"Hard","Tricky"
"23",23,"https://racetime.gg/smr/helpful-bombtorizo-0388","2024-05-22T23:06:31.671523+00:00",11,8,143,153,29,36,"https://maprando.com/seed/M5QgpGRhnRVO4Ygp4F-Y8g/","M5QgpGRhnRVO4Ygp4F-Y8g",112,"Hard","Tricky"
"24",24,"https://racetime.gg/smr/lazy-whomplejump-8406","2024-05-23T00:53:41.956611+00:00",8,2,154,161,37,38,"https://maprando.com/seed/xWMn2JJpQAZ8f8ACw9sDSQ/","xWMn2JJpQAZ8f8ACw9sDSQ",112,"Hard","Tricky"
"25",25,"https://racetime.gg/smr/clever-missiles-1883","2024-05-23T02:55:13.738671+00:00",5,1,162,166,39,39,"https://maprando.com/seed/fsTjOKB7jQ9TbaoanzbF1A/","fsTjOKB7jQ9TbaoanzbF1A",112,"Hard","Tricky"
"26",26,"https://racetime.gg/smr/graceful-fastslow-1871","2024-05-23T04:45:03.589153+00:00",5,2,167,171,40,41,"https://maprando.com/seed/5bEJDNvZHTyYr2-D1tGHNw/","5bEJDNvZHTyYr2-D1tGHNw",112,"Hard","Tricky"
"27",27,"https://racetime.gg/smr/tactical-reserves-6999","2024-05-23T17:11:52.799104+00:00",3,0,172,174,0,0,"https://maprando.com/seed/gdgGFva0bFn7tWOKfeb71g/","gdgGFva0bFn7tWOKfeb71g",112,"Hard","Tricky"
"28",28,"https://racetime.gg/smr/witty-screwattack-1371","2024-05-23T18:43:19.982599+00:00",6,2,175,180,42,43,"https://maprando.com/seed/kCjYsyriZMpKsUanGapR9A/","kCjYsyriZMpKsUanGapR9A",112,"Hard","Tricky"
"29",29,"https://racetime.gg/smr/superb-gravity-5339","2024-05-24T00:10:21.309201+00:00",6,1,181,186,44,44,"https://maprando.com/seed/aR-0dtVEPGy5fEx_-oRo6Q/","aR-0dtVEPGy5fEx_-oRo6Q",112,"Hard","Tricky"
"30",30,"https://racetime.gg/smr/casual-rbo-6765","2024-05-24T02:01:58.785780+00:00",9,4,187,195,45,48,"https://maprando.com/seed/AQEy0YOqbXwB8yMStMgV-Q/","AQEy0YOqbXwB8yMStMgV-Q",112,"Hard","Tricky"
"31",31,"https://racetime.gg/smr/amused-coliseum-5732","2024-05-24T04:38:18.421003+00:00",7,0,196,202,0,0,"https://maprando.com/seed/UKX5i5hrau3sb-ik3GKpBQ/","UKX5i5hrau3sb-ik3GKpBQ",112,"Hard","Tricky"
"32",32,"https://racetime.gg/smr/artful-reo-0718","2024-05-24T18:32:16.857003+00:00",9,1,203,211,49,49,"https://maprando.com/seed/gO1YYWSGtXzGOuMweR-jUA/","gO1YYWSGtXzGOuMweR-jUA",112,"Hard","Tricky"
"33",33,"https://racetime.gg/smr/sleepy-zoa-1448","2024-05-25T20:00:19.914016+00:00",15,2,212,226,50,51,"https://maprando.com/seed/cc3RBaleJbDvkxEETe2iUw/","cc3RBaleJbDvkxEETe2iUw",112,"Hard","Tricky"
"34",34,"https://racetime.gg/smr/smart-gtclassic-3610","2024-05-25T23:43:59.779955+00:00",6,1,227,232,52,52,"https://maprando.com/seed/lDxtuFb2XfKDzVb4pIWHnQ/","lDxtuFb2XfKDzVb4pIWHnQ",112,"Hard","Tricky"
"35",35,"https://racetime.gg/smr/scrawny-shortcharge-0179","2024-05-26T22:54:25.987061+00:00",4,1,233,236,53,53,"https://maprando.com/seed/rdKL2cPALsddlRqWtD3FLA/","rdKL2cPALsddlRqWtD3FLA",112,"Hard","Tricky"
"36",36,"https://racetime.gg/smr/vanilla-workrobot-2530","2024-05-27T14:56:56.801895+00:00",6,1,237,242,54,54,"https://maprando.com/seed/dyKL5JEs2i-WdKb7g3sgxw/","dyKL5JEs2i-WdKb7g3sgxw",112,"Hard","Tricky"
"37",37,"https://racetime.gg/smr/pogtastic-fastfast-2820","2024-05-27T20:21:36.001927+00:00",2,2,243,244,55,56,"https://maprando.com/seed/nlh4frowrudJd621kctxrw/","nlh4frowrudJd621kctxrw",112,"Hard","Tricky"
"38",38,"https://racetime.gg/smr/daring-crocomire-9546","2024-05-27T23:57:03.253505+00:00",8,2,245,252,57,58,"https://maprando.com/seed/S4vnUWh17Y3cRLInfzYX-Q/","S4vnUWh17Y3cRLInfzYX-Q",112,"Hard","Tricky"
"39",39,"https://racetime.gg/smr/lurking-magdollite-3722","2024-05-28T01:35:48.634107+00:00",9,0,253,261,0,0,"https://maprando.com/seed/Vyfjex5vBZl3HW0_GC5RPQ/","Vyfjex5vBZl3HW0_GC5RPQ",112,"Hard","Tricky"
"40",40,"https://racetime.gg/smr/cute-bowling-4081","2024-05-28T04:17:20.099503+00:00",5,1,262,266,59,59,"https://maprando.com/seed/jL-PSiLZiluVMRVb4J_dvw/","jL-PSiLZiluVMRVb4J_dvw",112,"Hard","Tricky"
"41",41,"https://racetime.gg/smr/neutral-phantoon-2142","2024-05-28T06:32:18.965782+00:00",6,0,267,272,0,0,"https://maprando.com/seed/1KMlwYIMYKvwvYY6go2CvA/","1KMlwYIMYKvwvYY6go2CvA",112,"Hard","Tricky"
"42",42,"https://racetime.gg/smr/daring-waver-2925","2024-05-28T21:19:54.034572+00:00",5,0,273,277,0,0,"https://maprando.com/seed/EeeLlKVq1PsHw4z1uyeKXQ/","EeeLlKVq1PsHw4z1uyeKXQ",112,"Hard","Tricky"
"43",43,"https://racetime.gg/smr/dazzling-puromi-3164","2024-05-28T22:48:23.193270+00:00",11,0,278,288,0,0,"https://maprando.com/seed/GV8G3u8ILJF5I3jYs39Bqg/","GV8G3u8ILJF5I3jYs39Bqg",112,"Hard","Tricky"
"44",44,"https://racetime.gg/smr/saucy-waterway-5532","2024-05-28T23:55:49.546260+00:00",5,2,289,293,60,61,"https://maprando.com/seed/ssIgl6tR6IqAL93twR4qIQ/","ssIgl6tR6IqAL93twR4qIQ",112,"Hard","Tricky"
"45",45,"https://racetime.gg/smr/mysterious-ggg-3971","2024-05-29T02:56:33.051314+00:00",9,2,294,302,62,63,"https://maprando.com/seed/sPL8UF0-TitanuhkqfycmA/","sPL8UF0-TitanuhkqfycmA",112,"Hard","Tricky"
"46",46,"https://racetime.gg/smr/cunning-moondance-1075","2024-05-29T05:26:13.881285+00:00",7,0,303,309,0,0,"https://maprando.com/seed/duLU27EzCns0lBumhAjGmw/","duLU27EzCns0lBumhAjGmw",112,"Hard","Tricky"
"47",47,"https://racetime.gg/smr/trusty-reo-6477","2024-05-29T23:04:17.154971+00:00",7,5,310,316,64,68,"https://maprando.com/seed/8uDCkbwqqZu78vE9LX32fg/","8uDCkbwqqZu78vE9LX32fg",112,"Hard","Tricky"
"48",48,"https://racetime.gg/smr/trusty-kraid-3443","2024-05-30T01:30:40.850111+00:00",5,1,317,321,69,69,"https://maprando.com/seed/VikmLKdP-YeqML5PC4TQjQ/","VikmLKdP-YeqML5PC4TQjQ",112,"Hard","Tricky"
"49",49,"https://racetime.gg/smr/brave-pseudoscrew-0583","2024-05-30T16:48:31.265175+00:00",4,1,322,325,70,70,"https://maprando.com/seed/AoNTaWK0KeVE-hJxK3NeHQ/","AoNTaWK0KeVE-hJxK3NeHQ",112,"Hard","Tricky"
"50",50,"https://racetime.gg/smr/shiny-kpdr-3451","2024-05-30T19:01:50.867047+00:00",8,1,326,333,71,71,"https://maprando.com/seed/x_CwFfp8OOrIyHlftwg3mQ/","x_CwFfp8OOrIyHlftwg3mQ",112,"Hard","Tricky"
"51",51,"https://racetime.gg/smr/artful-midfast-3152","2024-05-30T20:28:52.950030+00:00",7,4,334,340,72,75,"https://maprando.com/seed/_sCZ7bzt5etkkIXCAlqo2w/","_sCZ7bzt5etkkIXCAlqo2w",112,"Hard","Tricky"
"52",52,"https://racetime.gg/smr/magic-slowfast-5974","2024-05-31T02:59:14.667418+00:00",9,1,341,349,76,76,"https://maprando.com/seed/I0m_NkGGbaAwx6XR4ZlejA/","I0m_NkGGbaAwx6XR4ZlejA",112,"Hard","Tricky"
"53",53,"https://racetime.gg/smr/dynamic-bull-7834","2024-05-31T04:59:46.922852+00:00",5,0,350,354,0,0,"https://maprando.com/seed/OkTiI4OU90uylO7GlvwmJw/","OkTiI4OU90uylO7GlvwmJw",112,"Hard","Tricky"
"54",54,"https://racetime.gg/smr/artful-midslow-6677","2024-05-31T17:33:45.233620+00:00",3,1,355,357,77,77,"https://maprando.com/seed/R-qJDbhSnk0aYYutl00JOA/","R-qJDbhSnk0aYYutl00JOA",112,"Hard","Tricky"
"55",55,"https://racetime.gg/smr/intrepid-fullhalfie-4056","2024-05-31T21:51:39.676479+00:00",9,2,358,366,78,79,"https://maprando.com/seed/mbNtBUalHXQb-JR1EukZWQ/","mbNtBUalHXQb-JR1EukZWQ",112,"Hard","Tricky"
"56",56,"https://racetime.gg/smr/curious-mainstreet-4270","2024-06-01T05:28:04.557512+00:00",5,0,367,371,0,0,"https://maprando.com/seed/TC323v5pKpk8Xjr5doyFsA/","TC323v5pKpk8Xjr5doyFsA",112,"Hard","Tricky"
"57",57,"https://racetime.gg/smr/foolish-mellow-2597","2024-06-01T14:55:54.826887+00:00",5,0,372,376,0,0,"https://maprando.com/seed/Ad38ruUb8Nhr3YmS7mIJKQ/","Ad38ruUb8Nhr3YmS7mIJKQ",112,"Hard","Tricky"
"58",58,"https://racetime.gg/smr/graceful-powamp-5720","2024-06-01T16:47:45.213291+00:00",7,1,377,383,80,80,"https://maprando.com/seed/miJ_r9lWhI8RdvEL-1F02Q/","miJ_r9lWhI8RdvEL-1F02Q",112,"Hard","Tricky"
"59",59,"https://racetime.gg/smr/kind-brinstar-4141","2024-06-01T20:03:11.294569+00:00",14,2,384,397,81,82,"https://maprando.com/seed/CvpCagXSNxwTxxhACjdZ-g/","CvpCagXSNxwTxxhACjdZ-g",112,"Hard","Tricky"
"60",60,"https://racetime.gg/smr/brave-rinka-0049","2024-06-01T21:43:57.439698+00:00",3,0,398,400,0,0,"https://maprando.com/seed/TPfnbEogabBlY0qQbwulNw/","TPfnbEogabBlY0qQbwulNw",112,"Hard","Tricky"
"61",61,"https://racetime.gg/smr/crazy-ceres-5237","2024-06-01T23:13:30.765850+00:00",11,4,401,411,83,86,"https://maprando.com/seed/jzMo_rlSViUchhF3eD-heA/","jzMo_rlSViUchhF3eD-heA",112,"Hard","Tricky"
"62",62,"https://racetime.gg/smr/foolish-zeb-1291","2024-06-02T06:12:02.499656+00:00",12,1,412,423,87,87,"https://maprando.com/seed/OfW6zQbiaKbB_ubWMRLWKw/","OfW6zQbiaKbB_ubWMRLWKw",112,"Hard","Tricky"
"63",63,"https://racetime.gg/smr/travelling-zebskip-9672","2024-06-02T19:01:30.417728+00:00",11,1,424,434,88,88,"https://maprando.com/seed/nHbTp2OHzcfLmavb8Hm1pQ/","nHbTp2OHzcfLmavb8Hm1pQ",112,"Hard","Tricky"
"64",64,"https://racetime.gg/smr/famous-boyon-3383","2024-06-02T20:49:44.975925+00:00",13,0,435,447,0,0,"https://maprando.com/seed/-vD-ZNMgS37tL0Ph_XAg7w/","-vD-ZNMgS37tL0Ph_XAg7w",112,"Hard","Tricky"
"65",65,"https://racetime.gg/smr/amazing-rbo-3773","2024-06-03T00:54:36.593125+00:00",13,0,448,460,0,0,"https://maprando.com/seed/sHtGCa8vxP3VH2aDWAAYoA/","sHtGCa8vxP3VH2aDWAAYoA",112,"Hard","Tricky"
"66",66,"https://racetime.gg/smr/chaotic-slowslow-6254","2024-06-03T02:48:07.436987+00:00",7,2,461,467,89,90,"https://maprando.com/seed/D7vuuXYQJ7MSlZzjD1qQJA/","D7vuuXYQJ7MSlZzjD1qQJA",112,"Hard","Tricky"
"67",67,"https://racetime.gg/smr/secret-kpdr-6913","2024-06-03T04:58:29.737396+00:00",3,0,468,470,0,0,"https://maprando.com/seed/zQa401Dppw-NJ6d-7A0GIw/","zQa401Dppw-NJ6d-7A0GIw",112,"Hard","Tricky"
"68",68,"https://racetime.gg/smr/reliable-iceshield-2135","2024-06-03T17:15:44.251963+00:00",8,3,471,478,91,93,"https://maprando.com/seed/0fdTbzv4-U8c60lKdPMkyA/","0fdTbzv4-U8c60lKdPMkyA",112,"Hard","Tricky"
"69",69,"https://racetime.gg/smr/snug-skree-5004","2024-06-03T18:49:42.900431+00:00",6,5,479,484,94,98,"https://maprando.com/seed/nBcMIx3kTFPr6trGmKoXjA/","nBcMIx3kTFPr6trGmKoXjA",112,"Hard","Tricky"
"70",70,"https://racetime.gg/smr/jolly-wreckedship-3590","2024-06-03T20:49:31.621348+00:00",5,0,485,489,0,0,"https://maprando.com/seed/ThWN4s4NFZvKbI2d1okcrQ/","ThWN4s4NFZvKbI2d1okcrQ",112,"Hard","Tricky"
"71",71,"https://racetime.gg/smr/fearless-heroshot-5482","2024-06-04T15:40:28.047700+00:00",7,1,490,496,99,99,"https://maprando.com/seed/z5rn_MBE6sBzZkVyld44-g/","z5rn_MBE6sBzZkVyld44-g",112,"Hard","Tricky"
"72",72,"https://racetime.gg/smr/dizzy-gauntlet-1531","2024-06-04T23:09:58.333431+00:00",8,2,497,504,100,101,"https://maprando.com/seed/Fu-yrhoZ7hLeVqI13mNqlA/","Fu-yrhoZ7hLeVqI13mNqlA",112,"Hard","Tricky"
"73",73,"https://racetime.gg/smr/curious-mainstreet-6450","2024-06-05T03:25:11.090843+00:00",3,2,505,507,102,103,"https://maprando.com/seed/TvMze49MMHr3wcoFbWLsBA/","TvMze49MMHr3wcoFbWLsBA",112,"Hard","Tricky"
"74",74,"https://racetime.gg/smr/dapper-puromi-6476","2024-06-05T17:29:12.252693+00:00",9,1,508,516,104,104,"https://maprando.com/seed/Gn5KizATMIRd3tQE41FG1Q/","Gn5KizATMIRd3tQE41FG1Q",112,"Hard","Tricky"
"75",75,"https://racetime.gg/smr/clever-cathedral-5111","2024-06-05T19:09:24.589440+00:00",7,5,517,523,105,109,"https://maprando.com/seed/bOAiyThxTzpOBQv7AutYzA/","bOAiyThxTzpOBQv7AutYzA",112,"Hard","Tricky"
"76",76,"https://racetime.gg/smr/sublime-twothirty-9246","2024-06-05T21:06:37.996973+00:00",7,1,524,530,110,110,"https://maprando.com/seed/lAeqK4QZ6g9FMSdGDAXwrQ/","lAeqK4QZ6g9FMSdGDAXwrQ",112,"Hard","Tricky"
"77",77,"https://racetime.gg/smr/hyper-theclimb-6080","2024-06-05T23:04:25.830961+00:00",20,0,531,550,0,0,"https://maprando.com/seed/naS4M0d8-47DssbHTiHJ9A/","naS4M0d8-47DssbHTiHJ9A",112,"Hard","Tricky"
"78",78,"https://racetime.gg/smr/invincible-bull-6516","2024-06-06T00:57:09.046799+00:00",7,2,551,557,111,112,"https://maprando.com/seed/2TPYLRPnQErs-Dqr1KDTfQ/","2TPYLRPnQErs-Dqr1KDTfQ",112,"Hard","Tricky"
"79",79,"https://racetime.gg/smr/famous-lavaspark-3624","2024-06-06T14:42:21.361838+00:00",3,2,558,560,113,114,"https://maprando.com/seed/ghttWNcM9xYhJZYidPur-w/","ghttWNcM9xYhJZYidPur-w",112,"Hard","Tricky"
"80",80,"https://racetime.gg/smr/lurking-bull-0768","2024-06-06T16:53:16.367238+00:00",6,0,561,566,0,0,"https://maprando.com/seed/FB6MQfRC9i90an9o1ucZ_w/","FB6MQfRC9i90an9o1ucZ_w",112,"Hard","Tricky"
"81",81,"https://racetime.gg/smr/priceless-bluesuit-7882","2024-06-07T01:34:34.782308+00:00",9,0,567,575,0,0,"https://maprando.com/seed/DMPKE8yxc9NfWPatt13oSA/","DMPKE8yxc9NfWPatt13oSA",112,"Hard","Tricky"
"82",82,"https://racetime.gg/smr/frantic-screwattack-1175","2024-06-07T03:06:33.669527+00:00",3,1,576,578,115,115,"https://maprando.com/seed/9qIPxmg3yNnJvWP9tso5kQ/","9qIPxmg3yNnJvWP9tso5kQ",112,"Hard","Tricky"
"83",83,"https://racetime.gg/smr/snug-covern-4573","2024-06-07T05:44:55.437488+00:00",3,0,579,581,0,0,"https://maprando.com/seed/_NSdMGoONSo_TcxlSE2Spg/","_NSdMGoONSo_TcxlSE2Spg",112,"Hard","Tricky"
"84",84,"https://racetime.gg/smr/disco-plasmabeam-4576","2024-06-08T20:05:00.524329+00:00",20,2,582,601,116,117,"https://maprando.com/seed/aaqynpVH1LLCg-Xe595i0A/","aaqynpVH1LLCg-Xe595i0A",112,"Hard","Tricky"
"85",85,"https://racetime.gg/smr/clumsy-ggg-4165","2024-06-09T23:29:17.479606+00:00",3,1,602,604,118,118,"https://maprando.com/seed/xelfkSRprf_bwVKID8yUAg/","xelfkSRprf_bwVKID8yUAg",112,"Hard","Tricky"
"86",86,"https://racetime.gg/smr/invincible-bowling-4832","2024-06-12T23:04:17.982575+00:00",17,0,605,621,0,0,"https://maprando.com/seed/G5sTqfVrujvUmqZuYTiVNg/","G5sTqfVrujvUmqZuYTiVNg",112,"Hard","Tricky"
"87",87,"https://racetime.gg/smr/cunning-energytanks-3872","2024-06-15T20:03:45.074778+00:00",15,3,622,636,119,121,"https://maprando.com/seed/X9ZYBq_ZXl78MBVnfLhMjA/","X9ZYBq_ZXl78MBVnfLhMjA",112,"Hard","Tricky"
"88",88,"https://racetime.gg/smr/elegant-powamp-8284","2024-06-19T01:24:36.657003+00:00",8,1,637,644,122,122,"https://maprando.com/seed/qSHZsoiuXq9GHQSA-D8p4g/","qSHZsoiuXq9GHQSA-D8p4g",113,"Hard","Tricky"
"89",89,"https://racetime.gg/smr/tactical-crumbleshaft-8611","2024-06-19T16:27:39.017410+00:00",4,2,645,648,123,124,"https://maprando.com/seed/Zcb97F8gR6O9mGI7ycMGmA/","Zcb97F8gR6O9mGI7ycMGmA",113,"Hard","Tricky"
"90",90,"https://racetime.gg/smr/secret-xfactor-4098","2024-06-19T23:05:53.235277+00:00",20,4,649,668,125,128,"https://maprando.com/seed/o3PfnH0GEpYUwoxBLqqRww/","o3PfnH0GEpYUwoxBLqqRww",113,"Hard","Tricky"
"91",91,"https://racetime.gg/smr/curious-tourian-9421","2024-06-20T00:52:58.872348+00:00",8,0,669,676,0,0,"https://maprando.com/seed/Pe9SiKb6RqgVY-IlzVbp6w/","Pe9SiKb6RqgVY-IlzVbp6w",113,"Hard","Tricky"
"92",92,"https://racetime.gg/smr/scruffy-covern-3922","2024-06-20T20:19:02.081406+00:00",11,2,677,687,129,130,"https://maprando.com/seed/f-Zf70wvv3ECGSGAPXhKeg/","f-Zf70wvv3ECGSGAPXhKeg",113,"Hard","Tricky"
"93",93,"https://racetime.gg/smr/clumsy-plowerhouse-3765","2024-06-20T21:44:41.722668+00:00",11,2,688,698,131,132,"https://maprando.com/seed/YDJAeNqS6eJdqpk_e7Qfmg/","YDJAeNqS6eJdqpk_e7Qfmg",113,"Hard","Tricky"
"94",94,"https://racetime.gg/smr/epic-mamaturtle-9365","2024-06-20T23:15:15.885986+00:00",12,3,699,710,133,135,"https://maprando.com/seed/OQL92ZtcyUXXvQGm7uFbPw/","OQL92ZtcyUXXvQGm7uFbPw",113,"Hard","Tricky"
"95",95,"https://racetime.gg/smr/chaotic-evir-3468","2024-06-21T00:33:43.158435+00:00",9,0,711,719,0,0,"https://maprando.com/seed/eQfwlAVI0zcRle3ORalhgQ/","eQfwlAVI0zcRle3ORalhgQ",113,"Hard","Tricky"
"96",96,"https://racetime.gg/smr/swag-gtcode-0465","2024-06-21T02:15:26.201720+00:00",7,2,720,726,136,137,"https://maprando.com/seed/JAD9L6OIsgjR2bZLWW8GEg/","JAD9L6OIsgjR2bZLWW8GEg",113,"Hard","Tricky"
"97",97,"https://racetime.gg/smr/good-viola-6950","2024-06-21T18:05:45.035796+00:00",7,0,727,733,0,0,"https://maprando.com/seed/-2b_dnvXCKbC90K0vzkkpw/","-2b_dnvXCKbC90K0vzkkpw",113,"Hard","Tricky"
"98",98,"https://racetime.gg/smr/crafty-rinka-9327","2024-06-21T19:25:16.485715+00:00",7,0,734,740,0,0,"https://maprando.com/seed/tV47y9RGF8vtHSOgmCScYw/","tV47y9RGF8vtHSOgmCScYw",113,"Hard","Tricky"
"99",99,"https://racetime.gg/smr/trusty-mochtroid-9090","2024-06-21T20:48:42.531810+00:00",8,1,741,748,138,138,"https://maprando.com/seed/BaK-tuGJwyujkh0_k6eMjA/","BaK-tuGJwyujkh0_k6eMjA",113,"Hard","Tricky"
"100",100,"https://racetime.gg/smr/cute-gravityjump-7491","2024-06-21T22:27:20.067521+00:00",8,0,749,756,0,0,"https://maprando.com/seed/Dy6ahiINSunnIp1gWP-2vg/","Dy6ahiINSunnIp1gWP-2vg",113,"Hard","Tricky"
"101",101,"https://racetime.gg/smr/sleepy-twothirty-6627","2024-06-21T23:54:47.526818+00:00",4,1,757,760,139,139,"https://maprando.com/seed/6UZ3ChZrDoS2vAwxKA2byA/","6UZ3ChZrDoS2vAwxKA2byA",113,"Hard","Tricky"
"102",102,"https://racetime.gg/smr/charming-yappingmaw-6383","2024-06-22T20:03:41.470559+00:00",26,3,761,786,140,142,"https://maprando.com/seed/x2HOELaX9XEAK7885DAxzA/","x2HOELaX9XEAK7885DAxzA",113,"Hard","Tricky"
"103",103,"https://racetime.gg/smr/wonderful-memu-9394","2024-06-22T21:54:39.349707+00:00",10,2,787,796,143,144,"https://maprando.com/seed/bjcumCEJLRYL8GXX80-5Yw/","bjcumCEJLRYL8GXX80-5Yw",113,"Hard","Tricky"
"104",104,"https://racetime.gg/smr/swag-atomic-8428","2024-06-23T19:45:01.902307+00:00",4,3,797,800,145,147,"https://maprando.com/seed/MGc_QEuw8HHFFaI5xrYw_Q/","MGc_QEuw8HHFFaI5xrYw_Q",113,"Hard","Tricky"
"105",105,"https://racetime.gg/smr/scruffy-kpdr-7966","2024-06-23T20:45:07.344923+00:00",9,1,801,809,148,148,"https://maprando.com/seed/XxZ01X9BYMoDUjgwvLEExA/","XxZ01X9BYMoDUjgwvLEExA",113,"Hard","Tricky"
"106",106,"https://racetime.gg/smr/comic-midslow-4262","2024-06-23T22:27:18.134925+00:00",8,4,810,817,149,152,"https://maprando.com/seed/n1yQw5DwpM-8x62Cu1uaZw/","n1yQw5DwpM-8x62Cu1uaZw",113,"Hard","Tricky"
"107",107,"https://racetime.gg/smr/classic-spacejump-7463","2024-06-24T17:51:30.342707+00:00",8,1,818,825,153,153,"https://maprando.com/seed/MHPQQQgf8pwt268pgFP7wA/","MHPQQQgf8pwt268pgFP7wA",113,"Hard","Tricky"
"108",108,"https://racetime.gg/smr/casual-aqueduct-3605","2024-06-24T19:36:36.245028+00:00",2,1,826,827,154,154,"https://maprando.com/seed/YGYB_OJXYNoOXCsry4_xWQ/","YGYB_OJXYNoOXCsry4_xWQ",113,"Hard","Tricky"
"109",109,"https://racetime.gg/smr/crafty-samus-0352","2024-06-24T20:44:01.121904+00:00",4,0,828,831,0,0,"https://maprando.com/seed/6tBj1WzVa2OEc8b0aDbbeA/","6tBj1WzVa2OEc8b0aDbbeA",113,"Hard","Tricky"
"110",110,"https://racetime.gg/smr/sleepy-holtz-9025","2024-06-24T22:32:42.624600+00:00",14,2,832,845,155,156,"https://maprando.com/seed/SWzgIGVh5XFOQT4In1IIdQ/","SWzgIGVh5XFOQT4In1IIdQ",113,"Hard","Tricky"
"111",111,"https://racetime.gg/smr/fortunate-mainstreet-6976","2024-06-25T00:34:30.109027+00:00",6,2,846,851,157,158,"https://maprando.com/seed/z9MsJ9200ANx-5BCvLLRdQ/","z9MsJ9200ANx-5BCvLLRdQ",113,"Hard","Tricky"
"112",112,"https://racetime.gg/smr/agreeable-aqueduct-9818","2024-06-25T14:47:43.821672+00:00",4,0,852,855,0,0,"https://maprando.com/seed/_4Rt1DCbPil6JZCUJv64gg/","_4Rt1DCbPil6JZCUJv64gg",113,"Hard","Tricky"
"113",113,"https://racetime.gg/smr/shiny-hijumpboots-2346","2024-06-25T22:33:55.192236+00:00",3,1,856,858,159,159,"https://maprando.com/seed/y3i34QgnAFIWnIhHW8FZKw/","y3i34QgnAFIWnIhHW8FZKw",113,"Hard","Tricky"
"114",114,"https://racetime.gg/smr/pogtastic-fastmid-4470","2024-06-26T00:29:35.869200+00:00",7,1,859,865,160,160,"https://maprando.com/seed/q9kExqWj5K6XXsy8WdvCCg/","q9kExqWj5K6XXsy8WdvCCg",113,"Hard","Tricky"
"115",115,"https://racetime.gg/smr/superb-iceclip-1747","2024-06-26T16:36:14.779105+00:00",8,0,866,873,0,0,"https://maprando.com/seed/GF1MUIr70V6-FQBnvk7x5A/","GF1MUIr70V6-FQBnvk7x5A",113,"Hard","Tricky"
"116",116,"https://racetime.gg/smr/amazing-dachora-3266","2024-06-26T18:48:50.618566+00:00",3,1,874,876,161,161,"https://maprando.com/seed/lIJuQZL0_MSy1NpjKvYmsQ/","lIJuQZL0_MSy1NpjKvYmsQ",113,"Hard","Tricky"
"117",117,"https://racetime.gg/smr/mecha-nova-0421","2024-06-26T23:02:12.541850+00:00",21,0,877,897,0,0,"https://maprando.com/seed/j1uNV2uqtEdMVtFKe_GEaQ/","j1uNV2uqtEdMVtFKe_GEaQ",113,"Hard","Tricky"
"118",118,"https://racetime.gg/smr/mega-forgottenhighway-8512","2024-06-27T00:36:21.175270+00:00",6,1,898,903,162,162,"https://maprando.com/seed/Erv5aSOfb-9i7uoOEXhtDw/","Erv5aSOfb-9i7uoOEXhtDw",113,"Hard","Tricky"
"119",119,"https://racetime.gg/smr/innocent-plasmabeam-3163","2024-06-27T21:36:44.076133+00:00",3,2,904,906,163,164,"https://maprando.com/seed/cfKKqHZnI99B1buVbTdoUg/","cfKKqHZnI99B1buVbTdoUg",113,"Hard","Tricky"
"120",120,"https://racetime.gg/smr/dynamic-mainstreet-1638","2024-06-28T00:03:15.583237+00:00",3,0,907,909,0,0,"https://maprando.com/seed/4xZPc8CT0jxp3d3ANnhiGQ/","4xZPc8CT0jxp3d3ANnhiGQ",113,"Hard","Tricky"
"121",121,"https://racetime.gg/smr/elegant-downgrab-4624","2024-06-29T00:53:43.133546+00:00",6,0,910,915,0,0,"https://maprando.com/seed/fw9q3oMZcdDC3C186Rbg4Q/","fw9q3oMZcdDC3C186Rbg4Q",113,"Hard","Tricky"
"122",122,"https://racetime.gg/smr/vanilla-lavaspark-9895","2024-06-29T18:30:09.172730+00:00",3,0,916,918,0,0,"https://maprando.com/seed/BpwfJBrNs_rKO3fZ-kht9w/","BpwfJBrNs_rKO3fZ-kht9w",113,"Hard","Tricky"
"123",123,"https://racetime.gg/smr/scrawny-ripper-3703","2024-06-29T20:01:28.266134+00:00",15,2,919,933,165,166,"https://maprando.com/seed/3bKXCbR2FksryMpUcWBR3g/","3bKXCbR2FksryMpUcWBR3g",113,"Hard","Tricky"
"124",124,"https://racetime.gg/smr/mysterious-plowerhouse-9064","2024-06-29T21:49:17.367183+00:00",8,0,934,941,0,0,"https://maprando.com/seed/ryDsZrSpTlklnObv8B1DgQ/","ryDsZrSpTlklnObv8B1DgQ",113,"Hard","Tricky"
"125",125,"https://racetime.gg/smr/daring-downgrab-7414","2024-06-29T23:07:08.947486+00:00",4,0,942,945,0,0,"https://maprando.com/seed/xuk3vrtTemtzt09IX1Q8CA/","xuk3vrtTemtzt09IX1Q8CA",113,"Hard","Tricky"
"126",126,"https://racetime.gg/smr/intrepid-namihe-5686","2024-06-30T00:51:26.170758+00:00",7,1,946,952,167,167,"https://maprando.com/seed/jjpf38INDtfpL61p_WJgAg/","jjpf38INDtfpL61p_WJgAg",113,"Hard","Tricky"
"127",127,"https://racetime.gg/smr/clumsy-zoa-3534","2024-06-30T03:08:28.367856+00:00",8,2,953,960,168,169,"https://maprando.com/seed/gC2Cq3RWjdmIwJd38B92Ag/","gC2Cq3RWjdmIwJd38B92Ag",113,"Hard","Tricky"
"128",128,"https://racetime.gg/smr/dapper-metaree-5797","2024-06-30T19:30:59.771850+00:00",7,0,961,967,0,0,"https://maprando.com/seed/XnMlcPVrUQ4w9RGguqCxEQ/","XnMlcPVrUQ4w9RGguqCxEQ",113,"Hard","Tricky"
"129",129,"https://racetime.gg/smr/clumsy-kamer-5749","2024-07-01T00:00:19.419428+00:00",2,0,968,969,0,0,"https://maprando.com/seed/6BSh1GLheR53KVqYVUk3wg/","6BSh1GLheR53KVqYVUk3wg",113,"Hard","Tricky"
"130",130,"https://racetime.gg/smr/saucy-crumbleshaft-1047","2024-07-01T05:17:19.116341+00:00",6,1,970,975,170,170,"https://maprando.com/seed/tPBGYyIr7FD2dxUEZpjCSA/","tPBGYyIr7FD2dxUEZpjCSA",113,"Hard","Tricky"
"131",131,"https://racetime.gg/smr/crazy-mochtroid-1600","2024-07-02T08:34:41.517327+00:00",3,1,976,978,171,171,"https://maprando.com/seed/T6uEuESo9PzXmfFm_DVRDg/","T6uEuESo9PzXmfFm_DVRDg",113,"Hard","Tricky"
"132",132,"https://racetime.gg/smr/overpowered-mella-6322","2024-07-03T00:09:18.131476+00:00",7,2,979,985,172,173,"https://maprando.com/seed/XYMYjIY7_lVQf1d7jXsU9Q/","XYMYjIY7_lVQf1d7jXsU9Q",113,"Hard","Tricky"
"133",133,"https://racetime.gg/smr/reliable-cathedral-8213","2024-07-03T06:46:38.847415+00:00",8,1,986,993,174,174,"https://maprando.com/seed/SEEhDgQKLJH22kMoeQugjw/","SEEhDgQKLJH22kMoeQugjw",113,"Hard","Tricky"
"134",134,"https://racetime.gg/smr/obedient-doublechamber-3037","2024-07-03T23:07:15.762149+00:00",15,2,994,1008,175,176,"https://maprando.com/seed/V4zjXJdSed26V1CJ49dzqw/","V4zjXJdSed26V1CJ49dzqw",113,"Hard","Tricky"
"135",135,"https://racetime.gg/smr/critical-midmid-5333","2024-07-04T07:50:58.952439+00:00",2,0,1009,1010,0,0,"https://maprando.com/seed/jQshE-Y5pnovjOOybpWQnA/","jQshE-Y5pnovjOOybpWQnA",113,"Hard","Tricky"
"136",136,"https://racetime.gg/smr/quick-sciser-9995","2024-07-04T18:24:50.594304+00:00",9,0,1011,1019,0,0,"https://maprando.com/seed/Pn-D5dvBrJ0jt9LTDiJMaA/","Pn-D5dvBrJ0jt9LTDiJMaA",113,"Hard","Tricky"
"137",137,"https://racetime.gg/smr/lawful-mochtroid-5259","2024-07-04T20:02:17.883097+00:00",5,0,1020,1024,0,0,"https://maprando.com/seed/W1w9PaMpkn4B34q66cg9kg/","W1w9PaMpkn4B34q66cg9kg",113,"Hard","Tricky"
"138",138,"https://racetime.gg/smr/sublime-zeb-5368","2024-07-04T21:26:00.415814+00:00",2,1,1025,1026,177,177,"https://maprando.com/seed/qxz9I_PqhTSvZdunJnV5gA/","qxz9I_PqhTSvZdunJnV5gA",113,"Hard","Tricky"
"139",139,"https://racetime.gg/smr/dynamax-geruta-9451","2024-07-05T17:44:21.861379+00:00",5,0,1027,1031,0,0,"https://maprando.com/seed/yI0O5mD_AmV9Td2VSqt39Q/","yI0O5mD_AmV9Td2VSqt39Q",113,"Hard","Tricky"
"140",140,"https://racetime.gg/smr/wild-fastmid-1524","2024-07-06T15:59:55.702699+00:00",29,0,1032,1060,0,0,"https://maprando.com/seed/dctNCDVikqUEO-yyPrIM2Q/","dctNCDVikqUEO-yyPrIM2Q",113,"Hard","Tricky"
"141",141,"https://racetime.gg/smr/magic-spacejump-6703","2024-07-06T20:02:43.530241+00:00",7,0,1061,1067,0,0,"https://maprando.com/seed/lTuOFtm-RB4aTmjZU6Gz6A/","lTuOFtm-RB4aTmjZU6Gz6A",113,"Hard","Tricky"
"142",142,"https://racetime.gg/smr/funky-xfactor-9438","2024-07-07T00:00:30.938509+00:00",15,6,1068,1082,178,183,"https://maprando.com/seed/BEvfhLDKoh1yA9mmLeSjCg/","BEvfhLDKoh1yA9mmLeSjCg",113,"Hard","Tricky"
"143",143,"https://racetime.gg/smr/grumpy-ceres-5030","2024-07-07T19:59:30.131369+00:00",27,0,1083,1109,0,0,"https://maprando.com/seed/RdKb7_NLKO50zFdqCXJ5QQ/","RdKb7_NLKO50zFdqCXJ5QQ",113,"Hard","Tricky"
"144",144,"https://racetime.gg/smr/travelling-reo-0030","2024-07-09T03:47:27.445932+00:00",6,1,1110,1115,184,184,"https://maprando.com/seed/BUJoyxhw1HZKf9aOh_HT_w/","BUJoyxhw1HZKf9aOh_HT_w",113,"Hard","Tricky"
"145",145,"https://racetime.gg/smr/zany-singlechamber-1015","2024-07-09T17:45:00.205421+00:00",3,0,1116,1118,0,0,"https://maprando.com/seed/S29isiJzn3AJbA5oiilLKA/","S29isiJzn3AJbA5oiilLKA",113,"Hard","Tricky"
"146",146,"https://racetime.gg/smr/casual-spazer-7573","2024-07-09T19:23:10.829912+00:00",2,0,1119,1120,0,0,"https://maprando.com/seed/7ZZjNXsDswtIunNA6tHL5w/","7ZZjNXsDswtIunNA6tHL5w",113,"Hard","Tricky"
"147",147,"https://racetime.gg/smr/comic-grapplingbeam-9041","2024-07-10T01:00:30.019336+00:00",24,7,1121,1144,185,191,"https://maprando.com/seed/j0GB9AAX6bP4Wa7KVS6PaQ/","j0GB9AAX6bP4Wa7KVS6PaQ",113,"Hard","Tricky"
"148",148,"https://racetime.gg/smr/scruffy-deerforce-9279","2024-07-10T23:00:24.828852+00:00",17,3,1145,1161,192,194,"https://maprando.com/seed/a8mHdUDmn-FH3sZmpiEt2A/","a8mHdUDmn-FH3sZmpiEt2A",113,"Hard","Tricky"
"149",149,"https://racetime.gg/smr/smart-xrayclimb-2254","2024-07-11T19:00:07.695330+00:00",13,6,1162,1174,195,200,"https://maprando.com/seed/XoCnQNhTW8FbOmGuiSJ_WQ/","XoCnQNhTW8FbOmGuiSJ_WQ",113,"Hard","Tricky"
"150",150,"https://racetime.gg/smr/frantic-ggg-7878","2024-07-11T22:57:28.274555+00:00",2,3,1175,1176,201,203,"https://maprando.com/seed/zqurko6P4PMqOdZbzy29Cg/","zqurko6P4PMqOdZbzy29Cg",113,"Hard","Tricky"
"151",151,"https://racetime.gg/smr/grumpy-dessgeega-9868","2024-07-12T00:31:30.096767+00:00",9,0,1177,1185,0,0,"https://maprando.com/seed/4a0MMMMS4vfoOLmVPX-NFA/","4a0MMMMS4vfoOLmVPX-NFA",113,"Hard","Tricky"
"152",152,"https://racetime.gg/smr/pogtastic-midfast-5854","2024-07-12T04:05:52.900699+00:00",7,2,1186,1192,204,205,"https://maprando.com/seed/5jDYYdI7ybOm-p8JbIvg2A/","5jDYYdI7ybOm-p8JbIvg2A",113,"Hard","Tricky"
"153",153,"https://racetime.gg/smr/critical-rinka-5629","2024-07-13T01:25:48.813930+00:00",1,1,1193,1193,206,206,"https://maprando.com/seed/h6oB7Q34pkZcMfhIR1fa5A/","h6oB7Q34pkZcMfhIR1fa5A",113,"Hard","Tricky"
"154",154,"https://racetime.gg/smr/critical-alcoon-0839","2024-07-13T14:00:17.096283+00:00",11,1,1194,1204,207,207,"https://maprando.com/seed/goKQ9-ZKAWsJRlbU5ZU7UA/","goKQ9-ZKAWsJRlbU5ZU7UA",113,"Hard","Tricky"
"155",155,"https://racetime.gg/smr/clever-morphingball-3948","2024-07-13T22:00:45.813156+00:00",10,8,1205,1214,208,215,"https://maprando.com/seed/ui3dLumcYyn9yfJmVV8_fQ/","ui3dLumcYyn9yfJmVV8_fQ",113,"Hard","Tricky"
"156",156,"https://racetime.gg/smr/daring-downgrab-2050","2024-07-14T05:20:15.151612+00:00",2,0,1215,1216,0,0,"https://maprando.com/seed/Qgw15Nrj2Y0H8IhtFl7tdg/","Qgw15Nrj2Y0H8IhtFl7tdg",113,"Hard","Tricky"
"157",157,"https://racetime.gg/smr/splendid-prkd-5504","2024-07-15T02:00:29.847340+00:00",12,0,1217,1228,0,0,"https://maprando.com/seed/vClHOzhLf91N29Z7PMuH8g/","vClHOzhLf91N29Z7PMuH8g",113,"Hard","Tricky"
"158",158,"https://racetime.gg/smr/prudent-slowmid-3259","2024-07-16T02:42:03.492736+00:00",4,1,1229,1232,216,216,"https://maprando.com/seed/cHRGw_JgkwIm-VTim3OE0A/","cHRGw_JgkwIm-VTim3OE0A",113,"Hard","Tricky"
"159",159,"https://racetime.gg/smr/wonderful-pseudoscrew-8963","2024-07-16T04:11:24.686133+00:00",4,1,1233,1236,217,217,"https://maprando.com/seed/b0u2NxEGwM-PSC6P4bYI_Q/","b0u2NxEGwM-PSC6P4bYI_Q",113,"Hard","Tricky"
"160",160,"https://racetime.gg/smr/bonus-springball-8347","2024-07-16T21:15:48.965839+00:00",9,3,1237,1245,218,220,"https://maprando.com/seed/dgGZ5TzrwQnG2Pd8ayzpQA/","dgGZ5TzrwQnG2Pd8ayzpQA",113,"Hard","Tricky"
"161",161,"https://racetime.gg/smr/smart-nova-4996","2024-07-17T17:00:08.475616+00:00",1,1,1246,1246,221,221,"https://maprando.com/seed/YKQlafoctMK2tYdNJ8kH-Q/","YKQlafoctMK2tYdNJ8kH-Q",113,"Hard","Tricky"
"162",162,"https://racetime.gg/smr/frantic-oum-5482","2024-07-17T18:32:25.368686+00:00",1,1,1247,1247,222,222,"https://maprando.com/seed/hLvM6JuOaxvaDgwTDOJFbQ/","hLvM6JuOaxvaDgwTDOJFbQ",113,"Hard","Tricky"
"163",163,"https://racetime.gg/smr/virtual-geruta-4360","2024-07-17T21:22:48.286335+00:00",1,1,1248,1248,223,223,"https://maprando.com/seed/emOzPuu2rqrc--pqpKI0NQ/","emOzPuu2rqrc--pqpKI0NQ",113,"Hard","Tricky"
"164",164,"https://racetime.gg/smr/charming-hundo-4570","2024-07-17T21:20:27.262706+00:00",5,0,1249,1253,0,0,"https://maprando.com/seed/-EWfvbJsY9umFmz-n-NmoQ/","-EWfvbJsY9umFmz-n-NmoQ",113,"Hard","Tricky"
"165",165,"https://racetime.gg/smr/scruffy-threemuskateers-3434","2024-07-17T23:04:32.063635+00:00",13,5,1254,1266,224,228,"https://maprando.com/seed/pL2q0en2flr886jYgHWpwQ/","pL2q0en2flr886jYgHWpwQ",113,"Hard","Tricky"
"166",166,"https://racetime.gg/smr/dynamax-xrayscope-8476","2024-07-18T04:01:50.360657+00:00",3,2,1267,1269,229,230,"https://maprando.com/seed/Q41d_Y_vEiTRkohskrsaIw/","Q41d_Y_vEiTRkohskrsaIw",113,"Hard","Tricky"
"167",167,"https://racetime.gg/smr/obedient-midmid-9341","2024-07-18T19:59:56.501244+00:00",1,1,1270,1270,231,231,"https://maprando.com/seed/d1g5P8e4QCz9n0JUR0N0mA/","d1g5P8e4QCz9n0JUR0N0mA",113,"Hard","Tricky"
"168",168,"https://racetime.gg/smr/innocent-choot-3561","2024-07-19T01:19:50.750469+00:00",3,0,1271,1273,0,0,"https://maprando.com/seed/3d8WkD0OMpKMidjf55GGvw/","3d8WkD0OMpKMidjf55GGvw",113,"Hard","Tricky"
"169",169,"https://racetime.gg/smr/salty-hijumpboots-1580","2024-07-20T00:00:19.668490+00:00",2,0,1274,1275,0,0,"https://maprando.com/seed/6up8My_ZOJvSZA0dQ12_OA/","6up8My_ZOJvSZA0dQ12_OA",113,"Hard","Tricky"
"170",170,"https://racetime.gg/smr/cute-yappingmaw-3974","2024-07-20T14:59:39.249973+00:00",1,1,1276,1276,232,232,"https://maprando.com/seed/nudx961uDEqx1cUOHkF4Tg/","nudx961uDEqx1cUOHkF4Tg",113,"Hard","Tricky"
"171",171,"https://racetime.gg/smr/grumpy-namihe-6829","2024-07-20T19:01:42.591095+00:00",4,0,1277,1280,0,0,"https://maprando.com/seed/MT2CzeUuIk4U3mNu-OFWWA/","MT2CzeUuIk4U3mNu-OFWWA",113,"Hard","Tricky"
"172",172,"https://racetime.gg/smr/perfect-gravity-5264","2024-07-20T20:02:11.505125+00:00",7,0,1281,1287,0,0,"https://maprando.com/seed/BadjnfJJ4ViB7QBlm78tMA/","BadjnfJJ4ViB7QBlm78tMA",113,"Hard","Tricky"
"173",173,"https://racetime.gg/smr/foolish-cathedral-3137","2024-07-20T21:06:43.716271+00:00",6,1,1288,1293,233,233,"https://maprando.com/seed/AFEiYWbtkTD689HTaFVb4Q/","AFEiYWbtkTD689HTaFVb4Q",113,"Hard","Tricky"
"174",174,"https://racetime.gg/smr/prudent-boulder-5183","2024-07-21T04:07:56.856345+00:00",9,2,1294,1302,234,235,"https://maprando.com/seed/Xjpy3Yua8yD2eFwB7XJz1w/","Xjpy3Yua8yD2eFwB7XJz1w",113,"Hard","Tricky"
"175",175,"https://racetime.gg/smr/wonderful-xfactor-2623","2024-07-21T21:02:30.165226+00:00",1,1,1303,1303,236,236,"https://maprando.com/seed/uek6eEoxXhZse02sLGExkw/","uek6eEoxXhZse02sLGExkw",113,"Hard","Tricky"
"176",176,"https://racetime.gg/smr/tasty-phantoon-7579","2024-07-22T19:04:43.271603+00:00",4,0,1304,1307,0,0,"https://maprando.com/seed/8nlEAaKEbXQQ3aGHcMiDCg/","8nlEAaKEbXQQ3aGHcMiDCg",113,"Hard","Tricky"
"177",177,"https://racetime.gg/smr/zany-chargebeam-5353","2024-07-22T21:46:01.326447+00:00",4,0,1308,1311,0,0,"https://maprando.com/seed/uItd2hG8-WSI0sWoLoaGtw/","uItd2hG8-WSI0sWoLoaGtw",113,"Hard","Tricky"
"178",178,"https://racetime.gg/smr/fortunate-plasmabeam-1083","2024-07-23T00:31:35.476765+00:00",6,2,1312,1317,237,238,"https://maprando.com/seed/fZl-qGRQpMGUnRX0jkVqyw/","fZl-qGRQpMGUnRX0jkVqyw",113,"Hard","Tricky"
"179",179,"https://racetime.gg/smr/helpful-owtch-7641","2024-07-23T17:30:15.460101+00:00",2,0,1318,1319,0,0,"https://maprando.com/seed/7zUsaFvGrEd1J8PgW2IekQ/","7zUsaFvGrEd1J8PgW2IekQ",113,"Hard","Tricky"
"180",180,"https://racetime.gg/smr/sunken-supers-3837","2024-07-23T19:03:26.726499+00:00",5,0,1320,1324,0,0,"https://maprando.com/seed/ylqFEIHNB0vVEMx-Q9EzoQ/","ylqFEIHNB0vVEMx-Q9EzoQ",113,"Hard","Tricky"
"181",181,"https://racetime.gg/smr/wonderful-mteverest-3118","2024-07-23T22:05:10.637671+00:00",2,0,1325,1326,0,0,"https://maprando.com/seed/Fj_eoBoiTuDCznc-qugtAw/","Fj_eoBoiTuDCznc-qugtAw",113,"Hard","Tricky"
"182",182,"https://racetime.gg/smr/gorgeous-choot-3562","2024-07-24T00:10:40.480509+00:00",2,0,1327,1328,0,0,"https://maprando.com/seed/BWSdo_ASql0t1Z24cKY2nA/","BWSdo_ASql0t1Z24cKY2nA",113,"Hard","Tricky"
"183",183,"https://racetime.gg/smr/brainy-ceres-1571","2024-07-24T02:00:47.410569+00:00",9,1,1329,1337,239,239,"https://maprando.com/seed/6-VfYsDhFencYpMAR6djRw/","6-VfYsDhFencYpMAR6djRw",113,"Hard","Tricky"
"184",184,"https://racetime.gg/smr/amazing-coliseum-6446","2024-07-24T17:57:40.605471+00:00",3,0,1338,1340,0,0,"https://maprando.com/seed/_Pl6GY63VzaxtXG2gTb3iQ/","_Pl6GY63VzaxtXG2gTb3iQ",113,"Hard","Tricky"
"185",185,"https://racetime.gg/smr/speedy-alphaspark-1142","2024-07-24T21:33:51.970288+00:00",7,2,1341,1347,240,241,"https://maprando.com/seed/kfPXfcAgAq7w3d80W0LFvg/","kfPXfcAgAq7w3d80W0LFvg",113,"Hard","Tricky"
"186",186,"https://racetime.gg/smr/saucy-crocomire-0829","2024-07-24T23:06:07.126922+00:00",12,2,1348,1359,242,243,"https://maprando.com/seed/4bnEL8HjuhQXvBp1-W9s8g/","4bnEL8HjuhQXvBp1-W9s8g",113,"Hard","Tricky"
"187",187,"https://racetime.gg/smr/hyper-supers-0443","2024-07-25T00:44:44.046661+00:00",3,3,1360,1362,244,246,"https://maprando.com/seed/Ne0pdPtR7vZvDbpGRFf3RA/","Ne0pdPtR7vZvDbpGRFf3RA",113,"Hard","Tricky"
"188",188,"https://racetime.gg/smr/vanilla-reserves-5003","2024-07-26T21:10:05.950187+00:00",4,0,1363,1366,0,0,"https://maprando.com/seed/9m6qvVPaWiNeMnHjvywn9w/","9m6qvVPaWiNeMnHjvywn9w",113,"Hard","Tricky"
"189",189,"https://racetime.gg/smr/graceful-xrayscope-9994","2024-07-27T02:14:45.204228+00:00",1,1,1367,1367,247,247,"https://maprando.com/seed/pg2-HGIUEPYTGbGVceSKLQ/","pg2-HGIUEPYTGbGVceSKLQ",113,"Hard","Tricky"
"190",190,"https://racetime.gg/smr/disco-iceshield-8103","2024-07-27T15:56:13.251916+00:00",3,0,1368,1370,0,0,"https://maprando.com/seed/bWML_HIFPGNdFS_os31pxg/","bWML_HIFPGNdFS_os31pxg",113,"Hard","Tricky"
"191",191,"https://racetime.gg/smr/lawful-gtclassic-7041","2024-07-27T20:00:42.728545+00:00",10,0,1371,1380,0,0,"https://maprando.com/seed/J30YaDEVQT9i9JlnPtAwWw/","J30YaDEVQT9i9JlnPtAwWw",113,"Hard","Tricky"
"192",192,"https://racetime.gg/smr/cunning-viola-0929","2024-07-27T23:28:49.606056+00:00",7,0,1381,1387,0,0,"https://maprando.com/seed/Uxevgu92a600AY2bsHA7jw/","Uxevgu92a600AY2bsHA7jw",113,"Hard","Tricky"
